kevinycliou,Kevin Liou
keskar.nitish,Nitish Keskar
azheng104,Andrew Zheng
al.johri,Al Johri
jerry.yifei,Jerry Yang
seunghoon.yoo,Seunghwan Yoo
bongjun.kim.585,Bongjun Kim
srinivas.balusu.7,Srinivas Balusu
100000164979762,Nishant Subramani
nedaar,Neda Rohani
naihan.yang,Nihuan Yang
blair.h.hu,Blair Hu
siddarth.m.jain,Siddarth Jain
,Thanapon Noraset
,Chandra Bhagavatula
,Chen Jiang
,Eric Earley
,Yanran Wang
,Obinna Nwanna
,Ashwin Shanmugasundaram